Result Date,Numbers,Bonus Number,Prize,Rollover
2009-Dec-25 Friday,"['8', '9', '12', '13', '29', '30', '31']",47,"25,000,000",True
2009-Dec-18 Friday,"['8', '10', '15', '17', '33', '34', '35']",13,"20,000,000",True
2009-Dec-11 Friday,"['1', '4', '5', '7', '22', '29', '48']",13,"15,000,000",True
2009-Dec-04 Friday,"['1', '6', '13', '19', '32', '35', '40']",7,"10,000,000",True
2009-Nov-27 Friday,"['11', '15', '24', '26', '37', '38', '43']",17,"25,000,000",False
2009-Nov-20 Friday,"['2', '8', '28', '30', '36', '39', '42']",24,"20,000,000",True
2009-Nov-13 Friday,"['8', '18', '27', '28', '38', '41', '48']",36,"15,000,000",True
2009-Nov-06 Friday,"['2', '7', '8', '11', '16', '17', '18']",12,"50,000,000",False
2009-Oct-30 Friday,"['6', '9', '10', '14', '17', '18', '19']",46,"40,000,000",True
2009-Oct-23 Friday,"['4', '7', '10', '12', '23', '25', '36']",18,"30,166,299.20",True
2009-Oct-16 Friday,"['4', '10', '18', '20', '31', '35', '44']",29,"25,000,000",True
2009-Oct-09 Friday,"['5', '15', '25', '38', '42', '46', '47']",26,"20,000,000",True
2009-Oct-02 Friday,"['8', '27', '28', '29', '31', '32', '35']",11,"15,000,000",True
2009-Sep-25 Friday,"['5', '17', '19', '25', '31', '38', '46']",4,"10,000,000",True
2010-Dec-31 Friday,"['2', '7', '10', '22', '32', '34', '38']",1,"50,000,000",False
2010-Dec-24 Friday,"['8', '23', '25', '26', '33', '41', '43']",21,"50,000,000",True
2010-Dec-17 Friday,"['1', '16', '28', '29', '33', '37', '47']",24,"39,621,339.80",True
2010-Dec-10 Friday,"['7', '9', '12', '20', '28', '38', '44']",10,"28,231,377.60",True
2010-Dec-03 Friday,"['1', '10', '13', '26', '43', '46', '49']",31,"20,000,000",True
2010-Nov-26 Friday,"['12', '21', '23', '27', '28', '29', '37']",9,"15,000,000",True
2010-Nov-19 Friday,"['4', '13', '25', '29', '36', '40', '48']",24,"10,000,000",True
2010-Nov-12 Friday,"['13', '15', '17', '18', '19', '47', '49']",38,"22,292,309.80",False
2010-Nov-05 Friday,"['7', '10', '24', '30', '35', '36', '39']",3,"16,000,000",True
2010-Oct-29 Friday,"['2', '6', '21', '26', '28', '33', '47']",11,"50,000,000",True
2010-Oct-22 Friday,"['12', '15', '19', '20', '28', '29', '39']",14,"43,762,641.80",True
2010-Oct-15 Friday,"['3', '14', '17', '25', '30', '33', '39']",7,"31,472,826.20",True
2010-Oct-08 Friday,"['3', '4', '5', '8', '13', '22', '33']",32,"22,168,306.30",True
2010-Oct-01 Friday,"['10', '12', '13', '25', '28', '29', '41']",39,"15,000,000",True
2010-Sep-24 Friday,"['9', '22', '25', '30', '31', '39', '42']",19,"10,000,000",True
2010-Sep-17 Friday,"['2', '5', '6', '43', '46', '47', '48']",39,"23,350,284.70",False
2010-Sep-10 Friday,"['4', '17', '27', '32', '34', '39', '47']",13,"15,074,724.90",True
2010-Sep-03 Friday,"['12', '17', '27', '28', '31', '36', '48']",37,"10,000,000",True
2010-Aug-27 Friday,"['3', '14', '26', '27', '29', '32', '34']",1,"10,000,000",False
2010-Aug-20 Friday,"['4', '5', '7', '8', '18', '30', '35']",39,"37,594,693.60",False
2010-Aug-13 Friday,"['19', '25', '27', '29', '30', '36', '46']",15,"50,000,000",False
2010-Aug-06 Friday,"['1', '5', '6', '32', '36', '38', '44']",29,"50,000,000",True
2010-Jul-30 Friday,"['5', '7', '11', '40', '41', '47', '48']",6,"50,000,000",True
2010-Jul-23 Friday,"['17', '19', '26', '29', '34', '35', '38']",47,"50,000,000",True
2010-Jul-16 Friday,"['10', '14', '26', '34', '43', '47', '48']",28,"50,000,000",True
2010-Jul-09 Friday,"['9', '10', '19', '24', '28', '30', '31']",46,"46,591,731.30",True
2010-Jul-02 Friday,"['9', '19', '25', '26', '29', '30', '44']",33,"33,235,835.10",True
2010-Jun-25 Friday,"['5', '22', '28', '31', '39', '46', '48']",4,"50,000,000",False
2010-Jun-18 Friday,"['5', '6', '26', '29', '34', '36', '43']",49,"50,000,000",True
2010-Jun-11 Friday,"['2', '7', '12', '25', '29', '32', '35']",26,"50,000,000",True
2010-Jun-04 Friday,"['3', '18', '27', '30', '33', '40', '45']",31,"50,000,000",True
2010-May-28 Friday,"['11', '18', '23', '24', '27', '28', '39']",1,"40,000,000",True
2010-May-21 Friday,"['14', '16', '30', '35', '36', '45', '49']",10,"30,000,000",True
2010-May-14 Friday,"['7', '17', '19', '23', '31', '36', '41']",1,"20,000,000",True
2010-May-07 Friday,"['3', '6', '10', '14', '19', '25', '33']",1,"15,000,000",True
2010-Apr-30 Friday,"['1', '3', '4', '5', '16', '32', '33']",41,"10,000,000",True
2010-Apr-23 Friday,"['8', '11', '16', '21', '24', '28', '41']",37,"41,716,532.70",False
2010-Apr-16 Friday,"['6', '7', '17', '20', '32', '44', '49']",46,"30,000,000",True
2010-Apr-09 Friday,"['11', '16', '29', '30', '31', '33', '42']",24,"25,000,000",True
2010-Apr-02 Friday,"['4', '9', '12', '15', '28', '29', '43']",17,"20,000,000",True
2010-Mar-26 Friday,"['3', '11', '12', '16', '34', '36', '37']",18,"15,000,000",True
2010-Mar-19 Friday,"['1', '3', '6', '34', '37', '42', '45']",27,"10,000,000",True
2010-Mar-12 Friday,"['17', '18', '19', '21', '32', '40', '49']",6,"10,000,000",False
2010-Mar-05 Friday,"['5', '8', '18', '22', '32', '39', '45']",19,"19,000,000",False
2010-Feb-26 Friday,"['2', '27', '30', '32', '35', '36', '38']",39,"50,000,000",False
2010-Feb-19 Friday,"['4', '23', '27', '32', '35', '43', '47']",24,"42,317,605.20",True
2010-Feb-12 Friday,"['9', '12', '17', '23', '24', '42', '47']",37,"31,299,611.30",True
2010-Feb-05 Friday,"['10', '19', '25', '29', '39', '41', '42']",21,"25,000,000",True
2010-Jan-29 Friday,"['16', '17', '22', '24', '40', '41', '47']",45,"20,000,000",True
2010-Jan-22 Friday,"['17', '26', '30', '32', '34', '39', '41']",49,"15,000,000",True
2010-Jan-15 Friday,"['12', '17', '22', '30', '34', '43', '49']",48,"10,000,000",True
2010-Jan-08 Friday,"['8', '17', '21', '23', '24', '28', '39']",31,"40,000,000",False
2010-Jan-01 Friday,"['7', '9', '13', '18', '27', '33', '44']",15,"30,000,000",True
2011-Dec-30 Friday,"['2', '13', '22', '28', '35', '41', '42']",4,"50,000,000",False
2011-Dec-23 Friday,"['3', '4', '9', '25', '26', '37', '39']",45,"50,000,000",True
2011-Dec-16 Friday,"['11', '24', '26', '31', '42', '44', '46']",22,"30,000,000",True
2011-Dec-09 Friday,"['3', '11', '18', '19', '23', '27', '44']",46,"20,000,000",True
2011-Dec-02 Friday,"['23', '29', '33', '34', '39', '44', '48']",32,"10,000,000",True
2011-Nov-25 Friday,"['8', '10', '15', '24', '30', '35', '49']",23,"21,000,000",False
2011-Nov-18 Friday,"['8', '17', '27', '28', '39', '44', '49']",24,"50,000,000",False
2011-Nov-11 Friday,"['5', '7', '9', '25', '31', '37', '39']",22,"50,000,000",True
2011-Nov-04 Friday,"['5', '8', '13', '15', '27', '28', '37']",39,"40,000,000",True
2011-Oct-28 Friday,"['2', '4', '18', '20', '29', '38', '41']",9,"30,000,000",True
2011-Oct-21 Friday,"['6', '23', '27', '30', '34', '38', '45']",21,"20,000,000",True
2011-Oct-14 Friday,"['1', '3', '7', '19', '31', '39', '49']",17,"12,000,000",True
2011-Oct-07 Friday,"['12', '13', '24', '25', '26', '41', '43']",7,"50,000,000",False
2011-Sep-30 Friday,"['5', '6', '7', '12', '14', '18', '25']",38,"40,000,000",True
2011-Sep-23 Friday,"['8', '16', '24', '27', '30', '38', '40']",18,"30,000,000",True
2011-Sep-16 Friday,"['12', '18', '22', '24', '28', '43', '49']",21,"20,000,000",True
2011-Sep-09 Friday,"['6', '8', '15', '20', '30', '32', '42']",17,"10,000,000",True
2011-Sep-02 Friday,"['2', '3', '8', '13', '18', '20', '23']",10,"20,000,000",False
2011-Aug-26 Friday,"['6', '11', '12', '14', '35', '43', '44']",42,"10,000,000",True
2011-Aug-19 Friday,"['4', '14', '24', '41', '43', '46', '49']",1,"40,000,000",False
2011-Aug-12 Friday,"['4', '15', '21', '30', '33', '35', '47']",28,"30,000,000",True
2011-Aug-05 Friday,"['11', '17', '18', '20', '22', '29', '45']",27,"20,000,000",True
2011-Jul-29 Friday,"['1', '2', '3', '17', '24', '35', '36']",30,"10,000,000",True
2011-Jul-22 Friday,"['4', '13', '23', '28', '32', '40', '42']",12,"15,000,000",False
2011-Jul-15 Friday,"['3', '7', '8', '12', '18', '24', '41']",1,"10,000,000",True
2011-Jul-08 Friday,"['17', '22', '28', '38', '41', '43', '45']",5,"21,412,690",False
2011-Jul-01 Friday,"['15', '18', '20', '28', '29', '40', '47']",38,"15,000,000",True
2011-Jun-24 Friday,"['2', '9', '10', '15', '29', '44', '48']",22,"10,000,000",True
2011-Jun-17 Friday,"['2', '7', '14', '16', '22', '27', '47']",25,"22,646,018.70",False
2011-Jun-10 Friday,"['8', '11', '12', '25', '28', '30', '33']",16,"15,000,000",True
2011-Jun-03 Friday,"['8', '21', '28', '32', '33', '34', '48']",38,"10,000,000",True
2011-May-27 Friday,"['5', '9', '19', '20', '21', '28', '30']",36,"50,000,000",False
2011-May-20 Friday,"['7', '12', '14', '18', '30', '45', '47']",20,"35,738,798",False
2011-May-13 Friday,"['7', '8', '14', '32', '38', '42', '44']",30,"25,670,815.90",True
2011-May-06 Friday,"['6', '19', '24', '25', '26', '35', '36']",23,"16,325,905",True
2011-Apr-29 Friday,"['1', '13', '20', '24', '39', '45', '47']",25,"10,000,000",True
2011-Apr-22 Friday,"['7', '19', '34', '35', '38', '42', '46']",11,"33,301,693.30",False
2011-Apr-15 Friday,"['3', '12', '14', '15', '25', '32', '49']",37,"50,000,000",False
2011-Apr-08 Friday,"['13', '18', '25', '41', '44', '48', '49']",1,"50,000,000",True
2011-Apr-01 Friday,"['5', '6', '11', '12', '24', '26', '34']",49,"50,000,000",True
2011-Mar-25 Friday,"['1', '4', '22', '25', '26', '36', '46']",5,"44,216,504.10",True
2011-Mar-18 Friday,"['2', '5', '10', '21', '25', '35', '49']",40,"32,202,514.70",True
2011-Mar-11 Friday,"['2', '3', '4', '20', '22', '40', '43']",9,"50,000,000",False
2011-Mar-04 Friday,"['3', '18', '27', '29', '32', '33', '35']",47,"50,000,000",True
2011-Feb-25 Friday,"['3', '14', '19', '30', '32', '39', '46']",8,"50,000,000",True
2011-Feb-18 Friday,"['3', '7', '12', '16', '20', '42', '48']",31,"42,205,561.70",True
2011-Feb-11 Friday,"['4', '6', '13', '19', '26', '29', '47']",43,"30,474,201.20",True
2011-Feb-04 Friday,"['1', '3', '13', '18', '19', '39', '48']",40,"21,000,000",True
2011-Jan-28 Friday,"['7', '10', '14', '20', '21', '23', '31']",41,"50,000,000",False
2011-Jan-21 Friday,"['2', '18', '19', '29', '42', '47', '49']",17,"45,699,072",True
2011-Jan-14 Friday,"['2', '6', '10', '12', '24', '30', '37']",3,"32,608,919",True
2011-Jan-07 Friday,"['2', '10', '13', '15', '23', '28', '49']",40,"23,000,000",True
2012-Dec-28 Friday,"['1', '9', '25', '28', '32', '41', '48']",12,"12,000,000",True
2012-Dec-21 Friday,"['7', '8', '17', '18', '20', '40', '41']",33,"50,000,000",False
2012-Dec-14 Friday,"['3', '6', '10', '33', '39', '48', '49']",18,"30,385,240.60",True
2012-Dec-07 Friday,"['5', '11', '22', '29', '38', '42', '49']",33,"21,000,000",True
2012-Nov-30 Friday,"['3', '10', '13', '23', '31', '41', '45']",33,"50,000,000",False
2012-Nov-23 Friday,"['6', '8', '10', '17', '28', '29', '38']",34,"50,000,000",True
2012-Nov-16 Friday,"['1', '5', '9', '19', '27', '35', '48']",30,"42,000,000",True
2012-Nov-09 Friday,"['8', '9', '11', '22', '24', '42', '46']",13,"37,000,000",True
2012-Nov-02 Friday,"['1', '2', '5', '26', '29', '36', '47']",13,"50,000,000",False
2012-Oct-26 Friday,"['3', '4', '20', '25', '30', '35', '48']",23,"50,000,000",True
2012-Oct-19 Friday,"['1', '2', '3', '15', '22', '37', '41']",6,"50,000,000",True
2012-Oct-12 Friday,"['5', '7', '12', '15', '35', '45', '47']",40,"50,000,000",True
2012-Oct-05 Friday,"['1', '12', '23', '27', '30', '31', '37']",33,"50,000,000",True
2012-Sep-28 Friday,"['5', '6', '32', '33', '39', '42', '47']",9,"40,000,000",True
2012-Sep-21 Friday,"['7', '8', '10', '11', '19', '34', '45']",44,"30,000,000",True
2012-Sep-14 Friday,"['2', '27', '30', '31', '37', '46', '47']",21,"20,000,000",True
2012-Sep-07 Friday,"['11', '14', '18', '20', '37', '41', '46']",8,"10,000,000",True
2012-Aug-31 Friday,"['5', '12', '13', '28', '33', '37', '43']",44,"20,000,000",False
2012-Aug-24 Friday,"['2', '3', '5', '22', '23', '32', '33']",8,"50,000,000",False
2012-Aug-17 Friday,"['18', '19', '22', '27', '29', '36', '47']",25,"50,000,000",True
2012-Aug-10 Friday,"['2', '15', '18', '19', '22', '27', '49']",40,"40,000,000",True
2012-Aug-03 Friday,"['1', '2', '18', '26', '27', '39', '42']",33,"30,000,000",True
2012-Jul-27 Friday,"['2', '20', '25', '26', '46', '47', '48']",44,"20,000,000",True
2012-Jul-20 Friday,"['4', '7', '29', '35', '39', '43', '44']",46,"10,000,000",True
2012-Jul-13 Friday,"['3', '13', '14', '23', '33', '36', '45']",7,"43,543,960.60",False
2012-Jul-06 Friday,"['14', '26', '31', '34', '37', '45', '48']",38,"50,000,000",False
2012-Jun-29 Friday,"['10', '14', '20', '28', '35', '40', '42']",44,"50,000,000",True
2012-Jun-22 Friday,"['1', '12', '20', '22', '30', '34', '38']",33,"50,000,000",True
2012-Jun-15 Friday,"['8', '11', '20', '28', '36', '43', '47']",18,"50,000,000",True
2012-Jun-08 Friday,"['9', '10', '16', '24', '26', '44', '48']",27,"43,050,316.70",True
2012-Jun-01 Friday,"['4', '7', '13', '24', '26', '27', '43']",41,"32,063,232.80",True
2012-May-25 Friday,"['1', '2', '3', '6', '12', '20', '41']",10,"27,000,000",True
2012-May-18 Friday,"['3', '4', '13', '15', '21', '29', '48']",26,"50,000,000",False
2012-May-11 Friday,"['1', '6', '7', '24', '31', '36', '39']",26,"50,000,000",True
2012-May-04 Friday,"['3', '5', '6', '25', '37', '43', '45']",21,"50,000,000",True
2012-Apr-27 Friday,"['3', '23', '28', '40', '42', '43', '45']",17,"30,000,000",True
2012-Apr-20 Friday,"['14', '15', '16', '19', '30', '36', '46']",42,"20,000,000",True
2012-Apr-13 Friday,"['2', '6', '11', '12', '16', '39', '45']",3,"10,000,000",True
2012-Apr-06 Friday,"['15', '18', '19', '25', '32', '42', '49']",43,"30,000,000",False
2012-Mar-30 Friday,"['3', '11', '12', '19', '35', '45', '47']",13,"20,000,000",True
2012-Mar-23 Friday,"['6', '18', '21', '23', '24', '32', '48']",47,"50,000,000",False
2012-Mar-16 Friday,"['5', '7', '18', '24', '28', '41', '49']",26,"50,000,000",True
2012-Mar-09 Friday,"['7', '18', '19', '29', '39', '47', '48']",32,"40,000,000",True
2012-Mar-02 Friday,"['4', '13', '14', '15', '34', '46', '47']",49,"30,000,000",True
2012-Feb-24 Friday,"['6', '17', '23', '24', '25', '31', '38']",7,"20,000,000",True
2012-Feb-17 Friday,"['1', '15', '26', '28', '31', '39', '49']",18,"10,000,000",True
2012-Feb-10 Friday,"['1', '5', '25', '35', '38', '44', '47']",39,"15,000,000",False
2012-Feb-03 Friday,"['2', '8', '12', '14', '33', '37', '47']",46,"50,000,000",False
2012-Jan-27 Friday,"['8', '24', '28', '34', '37', '43', '45']",21,"50,000,000",True
2012-Jan-20 Friday,"['9', '15', '21', '23', '41', '43', '44']",46,"30,000,000",True
2012-Jan-13 Friday,"['6', '15', '18', '26', '41', '46', '48']",27,"21,000,000",True
2012-Jan-06 Friday,"['1', '2', '8', '13', '22', '45', '46']",48,"16,000,000",True
2013-Dec-27 Friday,"['1', '6', '9', '11', '17', '37', '39']",32,"41,000,000",True
2013-Dec-20 Friday,"['2', '13', '18', '24', '27', '37', '43']",14,"50,000,000",False
2013-Dec-13 Friday,"['6', '16', '24', '32', '36', '45', '47']",25,"50,000,000",True
2013-Dec-06 Friday,"['3', '4', '11', '18', '37', '42', '44']",47,"50,000,000",True
2013-Nov-29 Friday,"['3', '6', '19', '31', '34', '42', '45']",30,"50,000,000",True
2013-Nov-22 Friday,"['2', '24', '35', '38', '39', '41', '48']",20,"50,000,000",True
2013-Nov-15 Friday,"['1', '3', '10', '15', '25', '28', '31']",7,"32,000,000",True
2013-Nov-08 Friday,"['7', '8', '10', '15', '24', '26', '41']",12,"27,000,000",True
2013-Nov-01 Friday,"['11', '12', '16', '22', '30', '32', '49']",35,"50,000,000",False
2013-Oct-25 Friday,"['13', '16', '24', '29', '33', '40', '49']",28,"50,000,000",True
2013-Oct-18 Friday,"['10', '26', '28', '33', '34', '35', '40']",12,"50,000,000",True
2013-Oct-11 Friday,"['7', '8', '9', '16', '21', '28', '48']",29,"30,000,000",True
2013-Oct-04 Friday,"['12', '16', '19', '20', '28', '34', '42']",9,"20,000,000",True
2013-Sep-27 Friday,"['10', '11', '18', '24', '26', '42', '47']",45,"15,000,000",True
2013-Sep-20 Friday,"['2', '14', '15', '24', '40', '43', '44']",45,"10,000,000",True
2013-Sep-13 Friday,"['2', '6', '12', '15', '16', '22', '49']",46,"15,000,000",False
2013-Sep-06 Friday,"['1', '7', '23', '36', '37', '39', '41']",33,"10,000,000",True
2013-Aug-30 Friday,"['6', '19', '20', '25', '31', '35', '36']",45,"30,000,000",False
2013-Aug-23 Friday,"['5', '6', '10', '17', '22', '36', '48']",3,"20,961,383.30",True
2013-Aug-16 Friday,"['2', '6', '20', '22', '30', '34', '49']",45,"15,000,000",True
2013-Aug-09 Friday,"['6', '15', '19', '26', '43', '44', '49']",30,"10,000,000",True
2013-Aug-02 Friday,"['2', '9', '23', '29', '30', '34', '43']",40,"30,350,652.50",False
2013-Jul-26 Friday,"['5', '9', '12', '18', '24', '35', '42']",17,"22,000,000",True
2013-Jul-19 Friday,"['3', '17', '19', '20', '34', '35', '43']",4,"17,000,000",True
2013-Jul-12 Friday,"['14', '16', '17', '36', '45', '46', '48']",7,"12,000,000",True
2013-Jul-05 Friday,"['5', '12', '15', '39', '44', '46', '49']",18,"50,000,000",False
2013-Jun-28 Friday,"['2', '7', '15', '38', '43', '44', '47']",1,"40,000,000",True
2013-Jun-21 Friday,"['2', '9', '12', '13', '27', '28', '36']",20,"30,000,000",True
2013-Jun-14 Friday,"['2', '12', '15', '18', '21', '22', '25']",5,"20,000,000",True
2013-Jun-07 Friday,"['5', '19', '24', '34', '35', '38', '43']",8,"11,000,000",True
2013-May-31 Friday,"['5', '7', '10', '15', '22', '45', '47']",23,"50,000,000",False
2013-May-24 Friday,"['9', '19', '21', '24', '39', '43', '48']",6,"30,000,000",True
2013-May-17 Friday,"['8', '18', '21', '27', '33', '46', '49']",26,"20,000,000",True
2013-May-10 Friday,"['3', '10', '19', '21', '27', '35', '36']",49,"10,000,000",True
2013-May-03 Friday,"['4', '6', '21', '26', '30', '34', '35']",39,"40,000,000",False
2013-Apr-26 Friday,"['10', '13', '15', '18', '25', '36', '47']",40,"30,000,000",True
2013-Apr-19 Friday,"['2', '3', '8', '20', '28', '31', '34']",42,"20,000,000",True
2013-Apr-12 Friday,"['3', '6', '37', '40', '42', '44', '48']",18,"10,000,000",True
2013-Apr-05 Friday,"['2', '14', '15', '17', '24', '38', '40']",31,"40,000,000",False
2013-Mar-29 Friday,"['8', '11', '12', '13', '22', '33', '47']",7,"30,000,000",True
2013-Mar-22 Friday,"['7', '12', '16', '19', '21', '24', '47']",34,"20,000,000",True
2013-Mar-15 Friday,"['9', '16', '17', '19', '22', '41', '43']",12,"10,000,000",True
2013-Mar-08 Friday,"['9', '15', '17', '28', '35', '39', '41']",36,"30,000,000",False
2013-Mar-01 Friday,"['1', '2', '5', '6', '38', '39', '46']",33,"20,000,000",True
2013-Feb-22 Friday,"['5', '12', '24', '31', '39', '45', '49']",35,"10,000,000",True
2013-Feb-15 Friday,"['14', '23', '24', '25', '28', '41', '45']",37,"30,000,000",False
2013-Feb-08 Friday,"['3', '8', '13', '30', '38', '45', '47']",10,"20,000,000",True
2013-Feb-01 Friday,"['5', '9', '10', '32', '37', '44', '46']",38,"10,000,000",True
2013-Jan-25 Friday,"['1', '18', '19', '29', '31', '32', '46']",36,"30,000,000",False
2013-Jan-18 Friday,"['8', '16', '17', '28', '32', '34', '47']",19,"20,000,000",True
2013-Jan-11 Friday,"['2', '25', '26', '37', '39', '48', '49']",40,"10,000,000",True
2013-Jan-04 Friday,"['3', '6', '16', '23', '27', '28', '34']",22,"20,000,000",False
2014-Dec-26 Friday,"['15', '20', '29', '39', '40', '43', '46']",12,"30,000,000",True
2014-Dec-19 Friday,"['3', '6', '13', '17', '22', '25', '43']",47,"21,464,570.10",True
2014-Dec-12 Friday,"['2', '14', '30', '34', '38', '47', '48']",16,"16,000,000",True
2014-Dec-05 Friday,"['10', '14', '15', '16', '42', '45', '48']",49,"11,000,000",True
2014-Nov-28 Friday,"['3', '4', '7', '12', '17', '26', '34']",1,"50,000,000",False
2014-Nov-21 Friday,"['6', '18', '19', '26', '37', '39', '47']",21,"30,000,000",True
2014-Nov-14 Friday,"['2', '5', '7', '13', '15', '30', '38']",27,"20,000,000",True
2014-Nov-07 Friday,"['1', '3', '6', '8', '14', '20', '30']",28,"15,000,000",True
2014-Oct-31 Friday,"['3', '12', '25', '30', '42', '44', '45']",26,"10,000,000",True
2014-Oct-24 Friday,"['8', '27', '30', '32', '34', '35', '42']",17,"15,000,000",False
2014-Oct-17 Friday,"['18', '19', '32', '36', '38', '40', '43']",1,"10,000,000",True
2014-Oct-10 Friday,"['5', '13', '18', '28', '31', '38', '44']",46,"30,818,285.80",False
2014-Oct-03 Friday,"['7', '15', '24', '25', '27', '43', '47']",22,"22,282,941.30",True
2014-Sep-26 Friday,"['2', '3', '5', '18', '37', '38', '46']",33,"15,000,000",True
2014-Sep-19 Friday,"['4', '7', '8', '10', '16', '20', '36']",27,"10,000,000",True
2014-Sep-12 Friday,"['5', '6', '8', '13', '24', '37', '46']",30,"14,000,000",False
2014-Sep-05 Friday,"['3', '8', '11', '20', '28', '36', '38']",26,"50,000,000",False
2014-Aug-29 Friday,"['1', '23', '26', '33', '35', '38', '42']",18,"50,000,000",True
2014-Aug-22 Friday,"['13', '16', '22', '26', '35', '36', '39']",44,"30,000,000",True
2014-Aug-15 Friday,"['9', '16', '17', '27', '32', '38', '47']",37,"20,464,313.80",True
2014-Aug-08 Friday,"['6', '9', '16', '19', '20', '24', '30']",31,"15,000,000",True
2014-Aug-01 Friday,"['1', '2', '5', '10', '11', '25', '34']",36,"10,000,000",True
2014-Jul-25 Friday,"['7', '9', '24', '30', '35', '42', '43']",36,"20,609,032",False
2014-Jul-18 Friday,"['1', '3', '16', '33', '34', '40', '42']",2,"15,000,000",True
2014-Jul-11 Friday,"['1', '6', '10', '16', '18', '21', '31']",5,"10,000,000",True
2014-Jul-04 Friday,"['5', '10', '11', '20', '26', '38', '46']",44,"30,000,000",False
2014-Jun-27 Friday,"['4', '6', '7', '16', '18', '40', '46']",34,"21,466,878.40",True
2014-Jun-20 Friday,"['12', '17', '32', '36', '43', '44', '49']",4,"15,000,000",True
2014-Jun-13 Friday,"['12', '16', '24', '29', '36', '40', '47']",44,"10,000,000",True
2014-Jun-06 Friday,"['3', '5', '17', '30', '36', '47', '49']",31,"32,685,302.80",False
2014-May-30 Friday,"['2', '5', '10', '11', '23', '25', '31']",46,"24,019,719.70",True
2014-May-23 Friday,"['3', '11', '16', '24', '31', '39', '43']",2,"18,000,000",True
2014-May-16 Friday,"['12', '13', '16', '30', '32', '35', '37']",7,"13,000,000",True
2014-May-09 Friday,"['5', '7', '29', '35', '39', '41', '49']",14,"50,000,000",True
2014-May-02 Friday,"['6', '15', '18', '19', '25', '44', '46']",28,"50,000,000",True
2014-Apr-25 Friday,"['3', '9', '24', '25', '28', '36', '40']",48,"31,711,872.50",True
2014-Apr-18 Friday,"['9', '16', '24', '30', '39', '40', '45']",14,"23,433,239.20",True
2014-Apr-11 Friday,"['1', '3', '14', '33', '35', '39', '45']",28,"15,549,201",True
2014-Apr-04 Friday,"['19', '30', '33', '34', '36', '41', '48']",11,"10,000,000",True
2014-Mar-28 Friday,"['8', '15', '16', '21', '31', '37', '39']",20,"48,000,000",False
2014-Mar-21 Friday,"['1', '2', '4', '21', '23', '35', '40']",5,"43,000,000",True
2014-Mar-14 Friday,"['3', '4', '5', '7', '31', '33', '40']",49,"50,000,000",False
2014-Mar-07 Friday,"['1', '6', '7', '16', '22', '31', '33']",25,"50,000,000",True
2014-Feb-28 Friday,"['4', '7', '20', '22', '26', '28', '29']",47,"50,000,000",True
2014-Feb-21 Friday,"['1', '10', '16', '23', '29', '35', '39']",46,"50,000,000",True
2014-Feb-14 Friday,"['6', '8', '11', '16', '17', '19', '24']",29,"50,000,000",True
2014-Feb-07 Friday,"['13', '19', '37', '38', '40', '43', '48']",46,"40,000,000",True
2014-Jan-31 Friday,"['6', '10', '16', '27', '38', '40', '45']",39,"30,000,000",True
2014-Jan-24 Friday,"['7', '10', '15', '23', '30', '36', '44']",45,"20,000,000",True
2014-Jan-17 Friday,"['4', '9', '18', '32', '35', '38', '40']",12,"50,000,000",False
2014-Jan-10 Friday,"['12', '28', '31', '38', '40', '41', '45']",15,"50,000,000",True
2014-Jan-03 Friday,"['7', '16', '31', '35', '39', '44', '48']",42,"46,000,000",True
2015-Dec-25 Friday,"['5', '8', '9', '12', '22', '39', '45']",38,"60,000,000",False
2015-Dec-18 Friday,"['6', '20', '28', '29', '30', '31', '46']",45,"60,000,000",True
2015-Dec-11 Friday,"['7', '12', '28', '34', '45', '46', '48']",49,"55,000,000",True
2015-Dec-04 Friday,"['8', '15', '24', '25', '27', '36', '43']",32,"50,000,000",True
2015-Nov-27 Friday,"['4', '8', '9', '20', '23', '45', '46']",31,"43,112,552.60",True
2015-Nov-20 Friday,"['12', '21', '28', '34', '36', '45', '48']",26,"32,930,389.20",True
2015-Nov-13 Friday,"['7', '11', '19', '38', '40', '41', '42']",49,"23,000,000",True
2015-Nov-06 Friday,"['1', '10', '12', '20', '29', '35', '47']",4,"60,000,000",False
2015-Oct-30 Friday,"['2', '11', '19', '38', '43', '45', '49']",9,"55,000,000",True
2015-Oct-23 Friday,"['2', '7', '12', '28', '29', '38', '48']",27,"50,000,000",True
2015-Oct-16 Friday,"['9', '14', '19', '21', '31', '32', '40']",16,"42,954,379.70",True
2015-Oct-09 Friday,"['8', '11', '14', '23', '26', '42', '47']",1,"31,950,379.40",True
2015-Oct-02 Friday,"['10', '12', '24', '26', '34', '43', '47']",38,"22,195,302.20",True
2015-Sep-25 Friday,"['1', '7', '15', '18', '21', '30', '45']",22,"60,000,000",False
2015-Sep-18 Friday,"['13', '16', '17', '21', '35', '40', '46']",18,"55,000,000",True
2015-Sep-11 Friday,"['21', '22', '27', '30', '39', '42', '44']",8,"50,000,000",True
2015-Sep-04 Friday,"['7', '8', '15', '19', '36', '37', '41']",43,"36,272,415.10",True
2015-Aug-28 Friday,"['2', '4', '5', '17', '29', '39', '41']",48,"26,967,068.70",True
2015-Aug-21 Friday,"['3', '13', '15', '22', '33', '41', '49']",11,"18,198,623.10",True
2015-Aug-14 Friday,"['1', '15', '17', '25', '34', '40', '41']",38,"12,000,000",True
2015-Aug-07 Friday,"['5', '13', '20', '37', '39', '40', '41']",28,"50,000,000",False
2015-Jul-31 Friday,"['2', '5', '27', '32', '35', '42', '46']",48,"40,842,324.80",True
2015-Jul-24 Friday,"['2', '4', '11', '19', '28', '29', '38']",42,"30,194,017.20",True
2015-Jul-17 Friday,"['23', '24', '29', '36', '42', '43', '49']",38,"55,000,000",False
2015-Jul-10 Friday,"['12', '14', '23', '25', '31', '38', '40']",36,"50,000,000",True
2015-Jul-03 Friday,"['1', '6', '30', '40', '46', '47', '49']",37,"50,000,000",True
2015-Jun-26 Friday,"['2', '4', '16', '23', '30', '32', '46']",38,"50,000,000",True
2015-Jun-19 Friday,"['7', '14', '15', '16', '21', '30', '41']",17,"43,000,000",True
2015-Jun-12 Friday,"['4', '7', '11', '19', '34', '38', '48']",45,"38,000,000",True
2015-Jun-05 Friday,"['2', '10', '13', '16', '30', '33', '48']",44,"50,000,000",False
2015-May-29 Friday,"['1', '30', '38', '39', '44', '45', '47']",43,"50,000,000",True
2015-May-22 Friday,"['1', '4', '21', '24', '29', '30', '46']",25,"50,000,000",True
2015-May-15 Friday,"['16', '23', '24', '25', '40', '46', '47']",17,"50,000,000",True
2015-May-08 Friday,"['1', '7', '17', '27', '32', '44', '48']",18,"50,000,000",True
2015-May-01 Friday,"['6', '18', '20', '37', '40', '44', '46']",49,"50,000,000",True
2015-Apr-24 Friday,"['3', '37', '38', '40', '42', '43', '46']",12,"50,000,000",True
2015-Apr-17 Friday,"['7', '11', '14', '15', '19', '30', '41']",22,"30,000,000",True
2015-Apr-10 Friday,"['7', '8', '16', '18', '24', '25', '46']",37,"22,000,000",True
2015-Apr-03 Friday,"['10', '11', '23', '28', '32', '34', '41']",29,"17,000,000",True
2015-Mar-27 Friday,"['3', '7', '15', '23', '29', '31', '45']",46,"12,000,000",True
2015-Mar-20 Friday,"['7', '10', '16', '35', '36', '42', '45']",24,"50,000,000",False
2015-Mar-13 Friday,"['2', '8', '10', '15', '17', '20', '24']",14,"40,000,000",True
2015-Mar-06 Friday,"['2', '8', '9', '10', '24', '26', '41']",37,"30,338,621.50",True
2015-Feb-27 Friday,"['4', '12', '16', '27', '37', '39', '44']",32,"22,257,354.30",True
2015-Feb-20 Friday,"['26', '34', '38', '41', '46', '48', '49']",10,"17,000,000",True
2015-Feb-13 Friday,"['6', '9', '18', '22', '25', '32', '44']",46,"12,000,000",True
2015-Feb-06 Friday,"['1', '5', '7', '13', '14', '33', '46']",47,"50,000,000",False
2015-Jan-30 Friday,"['10', '15', '21', '28', '32', '36', '37']",9,"30,000,000",True
2015-Jan-23 Friday,"['1', '14', '15', '18', '26', '42', '48']",39,"21,000,000",True
2015-Jan-16 Friday,"['6', '29', '30', '31', '36', '42', '45']",32,"50,000,000",False
2015-Jan-09 Friday,"['3', '7', '12', '18', '31', '33', '35']",26,"50,000,000",True
2015-Jan-02 Friday,"['8', '9', '14', '19', '28', '31', '46']",48,"40,000,000",True
2016-Dec-30 Friday,"['5', '10', '14', '19', '31', '33', '47']",27,"60,000,000",True
2016-Dec-23 Friday,"['1', '5', '11', '26', '28', '30', '41']",49,"60,000,000",True
2016-Dec-16 Friday,"['2', '9', '27', '32', '38', '39', '43']",45,"55,000,000",True
2016-Dec-09 Friday,"['11', '17', '24', '26', '34', '35', '39']",16,"50,000,000",True
2016-Dec-02 Friday,"['5', '8', '20', '21', '29', '40', '47']",7,"30,178,311",True
2016-Nov-25 Friday,"['2', '11', '20', '22', '31', '35', '47']",39,"21,253,803.40",True
2016-Nov-18 Friday,"['7', '10', '21', '24', '38', '40', '49']",3,"15,000,000",True
2016-Nov-11 Friday,"['8', '14', '18', '20', '24', '39', '46']",23,"50,000,000",False
2016-Nov-04 Friday,"['4', '23', '29', '36', '39', '44', '46']",24,"44,292,520.40",True
2016-Oct-28 Friday,"['3', '5', '19', '29', '33', '34', '44']",41,"33,997,514.30",True
2016-Oct-21 Friday,"['33', '34', '36', '42', '44', '45', '47']",14,"24,936,517.20",True
2016-Oct-14 Friday,"['14', '18', '22', '25', '36', '39', '44']",34,"16,315,472.70",True
2016-Oct-07 Friday,"['8', '9', '12', '24', '29', '36', '37']",17,"10,000,000",True
2016-Sep-30 Friday,"['4', '12', '17', '21', '32', '38', '42']",46,"37,499,701.20",False
2016-Sep-23 Friday,"['3', '13', '24', '36', '39', '44', '45']",19,"27,127,863",True
2016-Sep-16 Friday,"['7', '12', '14', '15', '27', '34', '44']",6,"60,000,000",False
2016-Sep-09 Friday,"['4', '10', '11', '27', '29', '32', '41']",42,"55,000,000",True
2016-Sep-02 Friday,"['1', '12', '15', '22', '25', '45', '48']",16,"50,000,000",True
2016-Aug-26 Friday,"['3', '10', '17', '19', '26', '27', '42']",46,"45,544,040.10",True
2016-Aug-19 Friday,"['19', '22', '25', '32', '37', '45', '47']",40,"34,313,924.60",True
2016-Aug-12 Friday,"['5', '7', '15', '18', '19', '27', '28']",25,"60,000,000",False
2016-Aug-05 Friday,"['4', '6', '10', '20', '40', '46', '47']",39,"60,000,000",True
2016-Jul-29 Friday,"['11', '15', '25', '26', '39', '47', '49']",30,"60,000,000",True
2016-Jul-22 Friday,"['9', '26', '28', '32', '37', '40', '45']",46,"55,000,000",True
2016-Jul-15 Friday,"['19', '30', '31', '36', '40', '44', '49']",6,"50,000,000",True
2016-Jul-08 Friday,"['1', '8', '16', '25', '30', '42', '48']",28,"30,000,000",True
2016-Jul-01 Friday,"['10', '12', '14', '28', '36', '39', '45']",26,"19,903,234.50",True
2016-Jun-24 Friday,"['2', '17', '22', '24', '26', '42', '48']",6,"13,000,000",True
2016-Jun-17 Friday,"['1', '16', '20', '29', '33', '44', '46']",15,"55,000,000",False
2016-Jun-10 Friday,"['5', '11', '15', '26', '27', '33', '39']",46,"50,000,000",True
2016-Jun-03 Friday,"['12', '21', '28', '37', '40', '43', '47']",11,"35,137,567.80",True
2016-May-27 Friday,"['1', '14', '16', '20', '26', '32', '34']",18,"25,345,436.50",True
2016-May-20 Friday,"['16', '17', '19', '22', '31', '47', '49']",1,"17,000,000",True
2016-May-13 Friday,"['3', '6', '8', '17', '21', '28', '34']",2,"12,000,000",True
2016-May-06 Friday,"['1', '8', '10', '24', '26', '37', '45']",47,"50,000,000",False
2016-Apr-29 Friday,"['11', '21', '22', '24', '26', '36', '43']",10,"33,943,251.20",True
2016-Apr-22 Friday,"['13', '16', '20', '35', '37', '43', '49']",6,"24,162,342.20",True
2016-Apr-15 Friday,"['1', '9', '17', '19', '25', '27', '38']",44,"16,000,000",True
2016-Apr-08 Friday,"['9', '12', '13', '14', '28', '39', '41']",38,"50,000,000",False
2016-Apr-01 Friday,"['5', '6', '27', '28', '31', '41', '45']",12,"43,881,933.80",True
2016-Mar-25 Friday,"['1', '6', '15', '32', '42', '45', '46']",44,"32,653,460.50",True
2016-Mar-18 Friday,"['6', '8', '15', '24', '26', '39', '44']",40,"60,000,000",False
2016-Mar-11 Friday,"['9', '17', '27', '30', '31', '34', '42']",21,"60,000,000",True
2016-Mar-04 Friday,"['4', '14', '24', '41', '42', '44', '48']",26,"55,000,000",True
2016-Feb-26 Friday,"['6', '9', '22', '23', '36', '38', '47']",12,"50,000,000",True
2016-Feb-19 Friday,"['2', '11', '20', '22', '33', '40', '43']",4,"39,575,676.50",True
2016-Feb-12 Friday,"['19', '20', '26', '31', '34', '39', '48']",18,"28,648,873.10",True
2016-Feb-05 Friday,"['6', '7', '8', '9', '17', '23', '30']",18,"60,000,000",False
2016-Jan-29 Friday,"['5', '11', '14', '17', '28', '41', '47']",46,"60,000,000",True
2016-Jan-22 Friday,"['20', '21', '22', '34', '42', '43', '45']",1,"55,000,000",True
2016-Jan-15 Friday,"['7', '26', '27', '31', '32', '33', '42']",45,"50,000,000",True
2016-Jan-08 Friday,"['13', '15', '21', '24', '25', '36', '48']",10,"43,844,548.80",True
2016-Jan-01 Friday,"['6', '10', '13', '14', '25', '41', '46']",8,"32,565,615",True
2017-Dec-29 Friday,"['22', '23', '26', '35', '37', '39', '47']",14,"26,000,000",True
2017-Dec-22 Friday,"['13', '16', '19', '21', '24', '26', '30']",36,"60,000,000",False
2017-Dec-15 Friday,"['8', '14', '17', '27', '28', '30', '48']",37,"60,000,000",True
2017-Dec-08 Friday,"['1', '17', '31', '33', '39', '46', '49']",42,"55,000,000",True
2017-Dec-01 Friday,"['26', '28', '33', '38', '42', '43', '47']",16,"50,000,000",True
2017-Nov-24 Friday,"['5', '11', '20', '22', '35', '38', '46']",45,"31,379,899.30",True
2017-Nov-17 Friday,"['3', '15', '22', '23', '33', '47', '49']",6,"22,307,544",True
2017-Nov-10 Friday,"['5', '12', '18', '26', '29', '31', '37']",40,"15,000,000",True
2017-Nov-03 Friday,"['16', '17', '18', '20', '40', '42', '43']",15,"10,000,000",True
2017-Oct-27 Friday,"['1', '14', '15', '16', '24', '39', '49']",5,"15,000,000",False
2017-Oct-20 Friday,"['1', '4', '12', '27', '35', '38', '46']",8,"10,000,000",True
2017-Oct-13 Friday,"['8', '14', '16', '17', '18', '34', '41']",43,"10,000,000",False
2017-Oct-06 Friday,"['10', '17', '25', '27', '29', '34', '38']",48,"31,326,517.80",False
2017-Sep-29 Friday,"['1', '6', '14', '23', '38', '40', '47']",25,"22,000,000",True
2017-Sep-22 Friday,"['2', '10', '37', '38', '39', '43', '47']",28,"60,000,000",False
2017-Sep-15 Friday,"['15', '20', '24', '30', '39', '44', '46']",22,"55,000,000",True
2017-Sep-08 Friday,"['1', '2', '15', '16', '22', '29', '41']",27,"50,000,000",True
2017-Sep-01 Friday,"['1', '7', '18', '28', '31', '39', '48']",35,"32,180,662.70",True
2017-Aug-25 Friday,"['18', '19', '23', '34', '39', '43', '46']",1,"22,649,076.10",True
2017-Aug-18 Friday,"['2', '9', '13', '16', '25', '26', '45']",19,"15,000,000",True
2017-Aug-11 Friday,"['13', '14', '19', '26', '27', '36', '37']",18,"10,000,000",True
2017-Aug-04 Friday,"['1', '4', '11', '17', '27', '36', '37']",47,"23,017,319.20",False
2017-Jul-28 Friday,"['9', '12', '16', '24', '33', '45', '47']",14,"15,000,000",True
2017-Jul-21 Friday,"['2', '11', '12', '25', '33', '39', '44']",8,"10,000,000",True
2017-Jul-14 Friday,"['2', '4', '11', '17', '26', '41', '42']",44,"10,000,000",False
2017-Jul-07 Friday,"['4', '8', '13', '16', '26', '33', '38']",10,"23,630,711.80",False
2017-Jun-30 Friday,"['7', '24', '26', '36', '37', '43', '44']",3,"15,603,881.60",True
2017-Jun-23 Friday,"['2', '3', '6', '22', '24', '42', '46']",27,"10,000,000",True
2017-Jun-16 Friday,"['1', '5', '20', '33', '34', '41', '42']",15,"21,427,428.80",False
2017-Jun-09 Friday,"['7', '11', '20', '21', '22', '37', '47']",38,"15,000,000",True
2017-Jun-02 Friday,"['11', '12', '25', '28', '33', '41', '43']",36,"55,000,000",False
2017-May-26 Friday,"['14', '16', '18', '21', '38', '44', '49']",15,"50,000,000",True
2017-May-19 Friday,"['8', '11', '18', '25', '34', '35', '38']",44,"37,366,724.20",True
2017-May-12 Friday,"['11', '25', '26', '28', '38', '44', '45']",20,"28,003,508.80",True
2017-May-05 Friday,"['11', '14', '20', '22', '26', '35', '43']",33,"19,167,656.60",True
2017-Apr-28 Friday,"['10', '14', '22', '36', '38', '44', '45']",11,"13,000,000",True
2017-Apr-21 Friday,"['3', '4', '13', '16', '35', '47', '49']",37,"55,000,000",False
2017-Apr-14 Friday,"['23', '25', '29', '30', '42', '44', '45']",20,"50,000,000",True
2017-Apr-07 Friday,"['8', '12', '14', '34', '37', '44', '48']",45,"33,224,106.60",True
2017-Mar-31 Friday,"['1', '2', '12', '15', '22', '25', '41']",34,"23,918,897.30",True
2017-Mar-24 Friday,"['16', '19', '21', '32', '37', '39', '45']",26,"15,469,779.70",True
2017-Mar-17 Friday,"['2', '5', '6', '7', '8', '33', '45']",15,"10,000,000",True
2017-Mar-10 Friday,"['1', '11', '15', '20', '36', '41', '47']",33,"25,899,520",False
2017-Mar-03 Friday,"['3', '7', '20', '25', '29', '31', '44']",27,"17,118,851.50",True
2017-Feb-24 Friday,"['1', '17', '19', '23', '28', '29', '47']",10,"10,000,000",True
2017-Feb-17 Friday,"['5', '9', '14', '24', '33', '37', '46']",38,"26,037,102.70",False
2017-Feb-10 Friday,"['11', '16', '19', '22', '24', '38', '41']",48,"60,000,000",False
2017-Feb-03 Friday,"['8', '19', '24', '28', '34', '42', '48']",17,"60,000,000",True
2017-Jan-27 Friday,"['1', '3', '8', '22', '29', '38', '47']",11,"55,000,000",True
2017-Jan-20 Friday,"['4', '10', '21', '28', '29', '37', '45']",20,"50,000,000",True
2017-Jan-13 Friday,"['2', '8', '24', '30', '31', '38', '40']",42,"34,792,323.50",True
2017-Jan-06 Friday,"['10', '13', '18', '19', '38', '47', '48']",42,"60,000,000",False
2018-Dec-28 Friday,"['5', '13', '14', '16', '17', '29', '49']",18,"39,517,071.40",False
2018-Dec-21 Friday,"['7', '21', '23', '25', '31', '34', '45']",37,"60,000,000",False
2018-Dec-14 Friday,"['6', '7', '11', '21', '23', '27', '41']",49,"60,000,000",True
2018-Dec-07 Friday,"['2', '9', '15', '23', '26', '30', '41']",13,"60,000,000",True
2018-Nov-30 Friday,"['5', '8', '15', '20', '25', '26', '47']",22,"60,000,000",True
2018-Nov-23 Friday,"['1', '7', '13', '14', '22', '42', '48']",47,"60,000,000",True
2018-Nov-16 Friday,"['11', '17', '24', '34', '41', '42', '48']",21,"55,000,000",True
2018-Nov-09 Friday,"['2', '12', '31', '34', '39', '48', '49']",1,"50,000,000",True
2018-Nov-02 Friday,"['9', '10', '16', '23', '24', '39', '49']",7,"42,035,644",True
2018-Oct-26 Friday,"['2', '3', '4', '8', '9', '20', '30']",45,"60,000,000",False
2018-Oct-19 Friday,"['10', '15', '16', '17', '19', '27', '38']",9,"60,000,000",True
2018-Oct-12 Friday,"['18', '31', '38', '45', '46', '47', '48']",16,"60,000,000",True
2018-Oct-05 Friday,"['8', '9', '12', '20', '22', '27', '30']",28,"60,000,000",True
2018-Sep-28 Friday,"['25', '28', '31', '36', '42', '44', '49']",37,"60,000,000",True
2018-Sep-21 Friday,"['3', '9', '15', '16', '19', '45', '48']",42,"60,000,000",True
2018-Sep-14 Friday,"['1', '3', '5', '10', '16', '27', '43']",14,"55,000,000",True
2018-Sep-07 Friday,"['3', '12', '21', '34', '37', '38', '41']",22,"50,000,000",True
2018-Aug-31 Friday,"['2', '4', '18', '19', '20', '39', '44']",11,"34,014,154.10",True
2018-Aug-24 Friday,"['3', '5', '7', '11', '13', '20', '29']",30,"24,160,362.10",True
2018-Aug-17 Friday,"['12', '17', '22', '27', '28', '29', '35']",43,"16,026,187",True
2018-Aug-10 Friday,"['2', '9', '18', '33', '36', '40', '49']",38,"10,000,000",True
2018-Aug-03 Friday,"['9', '11', '23', '33', '35', '36', '42']",6,"10,000,000",False
2018-Jul-27 Friday,"['8', '11', '14', '17', '26', '30', '36']",48,"35,201,538.40",False
2018-Jul-20 Friday,"['6', '8', '12', '19', '20', '25', '49']",18,"25,024,590.80",True
2018-Jul-13 Friday,"['1', '4', '5', '22', '25', '32', '34']",27,"60,000,000",False
2018-Jul-06 Friday,"['1', '11', '20', '32', '41', '42', '44']",47,"55,000,000",True
2018-Jun-29 Friday,"['3', '5', '17', '23', '28', '43', '46']",29,"50,000,000",True
2018-Jun-22 Friday,"['3', '10', '16', '28', '31', '38', '47']",20,"41,897,192.30",True
2018-Jun-15 Friday,"['18', '23', '28', '37', '44', '45', '47']",9,"35,000,000",True
2018-Jun-08 Friday,"['12', '25', '27', '29', '34', '44', '45']",7,"60,000,000",False
2018-Jun-01 Friday,"['2', '11', '17', '18', '22', '25', '39']",3,"60,000,000",True
2018-May-25 Friday,"['7', '10', '13', '19', '24', '31', '41']",1,"60,000,000",True
2018-May-18 Friday,"['4', '13', '23', '30', '31', '37', '43']",32,"60,000,000",True
2018-May-11 Friday,"['11', '22', '28', '33', '39', '43', '47']",23,"60,000,000",True
2018-May-04 Friday,"['1', '11', '15', '16', '20', '29', '39']",32,"55,000,000",True
2018-Apr-27 Friday,"['8', '9', '11', '17', '37', '39', '41']",19,"50,000,000",True
2018-Apr-20 Friday,"['6', '14', '16', '22', '30', '42', '45']",35,"32,984,201.90",True
2018-Apr-13 Friday,"['1', '8', '9', '22', '29', '30', '32']",17,"23,765,526.50",True
2018-Apr-06 Friday,"['7', '18', '29', '30', '41', '45', '46']",40,"15,000,000",True
2018-Mar-30 Friday,"['1', '12', '18', '19', '21', '24', '41']",15,"10,000,000",True
2018-Mar-23 Friday,"['7', '12', '15', '23', '35', '43', '49']",19,"15,542,241.70",False
2018-Mar-16 Friday,"['13', '24', '29', '31', '35', '36', '42']",37,"10,000,000",True
2018-Mar-09 Friday,"['13', '18', '20', '26', '32', '35', '47']",12,"32,318,758.80",False
2018-Mar-02 Friday,"['7', '25', '26', '28', '32', '36', '37']",2,"23,000,000",True
2018-Feb-23 Friday,"['13', '17', '24', '32', '33', '44', '45']",48,"60,000,000",False
2018-Feb-16 Friday,"['5', '14', '22', '23', '35', '40', '49']",43,"55,000,000",True
2018-Feb-09 Friday,"['6', '19', '24', '25', '36', '37', '39']",17,"50,000,000",True
2018-Feb-02 Friday,"['3', '8', '9', '24', '28', '31', '44']",32,"33,285,314.90",True
2018-Jan-26 Friday,"['7', '8', '13', '19', '23', '32', '40']",9,"24,038,400.10",True
2018-Jan-19 Friday,"['9', '18', '25', '30', '39', '40', '43']",5,"15,562,127",True
2018-Jan-12 Friday,"['1', '8', '16', '19', '26', '34', '41']",10,"10,000,000",True
2018-Jan-05 Friday,"['1', '3', '13', '15', '28', '36', '49']",14,"35,317,981.10",False
2019-Dec-31 Tuesday,"['3', '4', '11', '19', '30', '39', '40']",25,"65,000,000",True
2019-Dec-27 Friday,"['13', '27', '34', '36', '38', '45', '50']",18,"60,000,000",True
2019-Dec-24 Tuesday,"['1', '6', '12', '13', '19', '23', '38']",37,"55,000,000",True
2019-Dec-20 Friday,"['14', '23', '28', '29', '30', '33', '48']",9,"50,000,000",True
2019-Dec-17 Tuesday,"['19', '20', '23', '29', '35', '40', '47']",31,"40,000,000",True
2019-Dec-13 Friday,"['2', '12', '14', '15', '26', '34', '39']",48,"31,000,000",True
2019-Dec-10 Tuesday,"['7', '11', '19', '30', '42', '43', '50']",44,"26,000,000",True
2019-Dec-06 Friday,"['9', '11', '17', '19', '35', '36', '43']",28,"21,000,000",True
2019-Dec-03 Tuesday,"['2', '10', '20', '30', '32', '35', '50']",21,"16,000,000",True
2019-Nov-29 Friday,"['3', '8', '14', '15', '24', '33', '48']",4,"11,000,000",True
2019-Nov-26 Tuesday,"['13', '14', '18', '22', '42', '44', '47']",12,"50,000,000",False
2019-Nov-22 Friday,"['5', '9', '23', '29', '30', '31', '37']",34,"40,000,000",True
2019-Nov-19 Tuesday,"['5', '13', '23', '25', '27', '32', '44']",3,"30,000,000",True
2019-Nov-15 Friday,"['15', '16', '33', '36', '38', '43', '49']",4,"25,000,000",True
2019-Nov-12 Tuesday,"['1', '14', '16', '22', '32', '39', '45']",31,"20,000,000",True
2019-Nov-08 Friday,"['3', '5', '10', '18', '26', '33', '46']",49,"15,000,000",True
2019-Nov-05 Tuesday,"['5', '7', '15', '18', '35', '37', '45']",47,"10,000,000",True
2019-Nov-01 Friday,"['10', '20', '24', '25', '32', '39', '46']",15,"10,000,000",False
2019-Oct-29 Tuesday,"['10', '17', '18', '22', '23', '25', '34']",37,"20,000,000",False
2019-Oct-25 Friday,"['6', '11', '16', '18', '23', '26', '40']",45,"15,000,000",True
2019-Oct-22 Tuesday,"['1', '4', '6', '9', '25', '31', '43']",10,"10,000,000",True
2019-Oct-18 Friday,"['3', '21', '29', '37', '40', '43', '44']",38,"32,000,000",False
2019-Oct-15 Tuesday,"['17', '18', '22', '27', '29', '31', '34']",8,"27,000,000",True
2019-Oct-11 Friday,"['1', '3', '11', '13', '19', '22', '46']",31,"22,000,000",True
2019-Oct-08 Tuesday,"['18', '24', '31', '38', '44', '46', '50']",40,"17,000,000",True
2019-Oct-04 Friday,"['20', '31', '35', '36', '39', '42', '44']",23,"65,000,000",False
2019-Oct-01 Tuesday,"['1', '15', '19', '31', '40', '41', '43']",49,"60,000,000",True
2019-Sep-27 Friday,"['3', '9', '25', '26', '28', '34', '38']",36,"55,000,000",True
2019-Sep-24 Tuesday,"['3', '22', '26', '32', '38', '42', '43']",8,"50,000,000",True
2019-Sep-20 Friday,"['9', '15', '26', '36', '39', '41', '47']",37,"40,000,000",True
2019-Sep-17 Tuesday,"['2', '4', '17', '39', '40', '43', '46']",44,"32,000,000",True
2019-Sep-13 Friday,"['4', '16', '21', '32', '44', '45', '50']",26,"27,000,000",True
2019-Sep-10 Tuesday,"['1', '15', '16', '20', '27', '38', '50']",9,"22,000,000",True
2019-Sep-06 Friday,"['4', '5', '24', '25', '43', '44', '50']",41,"17,000,000",True
2019-Sep-03 Tuesday,"['6', '8', '11', '13', '28', '42', '48']",27,"12,000,000",True
2019-Aug-30 Friday,"['5', '9', '33', '36', '39', '41', '44']",27,"50,000,000",False
2019-Aug-27 Tuesday,"['5', '7', '19', '28', '32', '35', '44']",46,"40,000,000",True
2019-Aug-23 Friday,"['5', '6', '8', '15', '22', '46', '47']",31,"30,000,000",True
2019-Aug-20 Tuesday,"['9', '17', '23', '37', '44', '46', '48']",4,"25,000,000",True
2019-Aug-16 Friday,"['22', '24', '25', '26', '29', '32', '46']",20,"20,000,000",True
2019-Aug-13 Tuesday,"['1', '5', '38', '39', '42', '47', '49']",15,"15,000,000",True
2019-Aug-09 Friday,"['10', '25', '31', '34', '36', '39', '45']",9,"10,000,000",True
2019-Aug-06 Tuesday,"['19', '22', '28', '30', '36', '38', '39']",25,"26,000,000",False
2019-Aug-02 Friday,"['11', '20', '23', '24', '26', '41', '44']",38,"21,000,000",True
2019-Jul-30 Tuesday,"['4', '6', '10', '15', '24', '40', '43']",3,"16,000,000",True
2019-Jul-26 Friday,"['11', '15', '17', '20', '24', '25', '50']",30,"60,000,000",False
2019-Jul-23 Tuesday,"['4', '8', '11', '16', '28', '29', '44']",43,"55,000,000",True
2019-Jul-19 Friday,"['1', '15', '21', '29', '30', '31', '33']",5,"50,000,000",True
2019-Jul-16 Tuesday,"['11', '14', '17', '21', '23', '26', '36']",19,"40,000,000",True
2019-Jul-12 Friday,"['3', '13', '19', '25', '28', '30', '37']",1,"30,000,000",True
2019-Jul-09 Tuesday,"['10', '13', '31', '32', '36', '40', '41']",17,"25,000,000",True
2019-Jul-05 Friday,"['1', '4', '8', '28', '32', '36', '43']",40,"20,000,000",True
2019-Jul-02 Tuesday,"['6', '14', '26', '31', '34', '36', '45']",25,"15,000,000",True
2019-Jun-28 Friday,"['7', '11', '36', '37', '38', '43', '46']",26,"10,000,000",True
2019-Jun-25 Tuesday,"['2', '14', '15', '23', '27', '44', '45']",8,"20,000,000",False
2019-Jun-21 Friday,"['11', '16', '17', '20', '42', '44', '50']",31,"15,000,000",True
2019-Jun-18 Tuesday,"['1', '6', '13', '15', '38', '42', '49']",48,"10,000,000",True
2019-Jun-14 Friday,"['4', '11', '20', '22', '37', '44', '49']",13,"19,000,000",False
2019-Jun-11 Tuesday,"['18', '23', '28', '32', '34', '44', '50']",29,"65,000,000",False
2019-Jun-07 Friday,"['4', '8', '13', '23', '25', '33', '39']",17,"60,000,000",True
2019-Jun-04 Tuesday,"['7', '19', '22', '28', '34', '41', '42']",12,"55,000,000",True
2019-May-31 Friday,"['6', '29', '34', '39', '42', '47', '50']",22,"50,000,000",True
2019-May-28 Tuesday,"['4', '9', '10', '26', '27', '29', '37']",14,"40,000,000",True
2019-May-24 Friday,"['9', '11', '15', '19', '20', '35', '41']",28,"32,000,000",True
2019-May-21 Tuesday,"['2', '3', '8', '18', '31', '39', '50']",33,"27,000,000",True
2019-May-17 Friday,"['4', '21', '23', '39', '40', '42', '50']",17,"22,000,000",True
2019-May-14 Tuesday,"['9', '24', '27', '33', '40', '44', '48']",41,"17,000,000",True
2019-May-10 Friday,"['16', '17', '31', '34', '36', '39', '41']",10,"12,000,000",True
2019-May-03 Friday,"['2', '3', '5', '12', '21', '22', '37']",19,"50,000,000",False
2019-Apr-26 Friday,"['9', '17', '21', '23', '36', '41', '48']",12,"35,503,620.40",True
2019-Apr-19 Friday,"['2', '16', '21', '33', '39', '42', '47']",1,"25,538,201.70",True
2019-Apr-12 Friday,"['2', '20', '21', '30', '31', '39', '45']",18,"16,268,207.60",True
2019-Apr-05 Friday,"['1', '2', '16', '21', '23', '25', '28']",48,"55,000,000",False
2019-Mar-29 Friday,"['10', '12', '19', '22', '25', '32', '42']",39,"50,000,000",True
2019-Mar-22 Friday,"['1', '3', '20', '21', '27', '28', '44']",43,"35,784,176.60",True
2019-Mar-15 Friday,"['6', '11', '25', '31', '36', '41', '49']",47,"25,841,633.70",True
2019-Mar-08 Friday,"['2', '9', '16', '17', '21', '22', '32']",38,"16,709,061",True
2019-Mar-01 Friday,"['2', '23', '24', '29', '40', '48', '49']",18,"10,000,000",True
2019-Feb-22 Friday,"['6', '31', '33', '34', '43', '44', '46']",22,"25,951,985.90",False
2019-Feb-15 Friday,"['1', '2', '32', '37', '38', '39', '45']",16,"16,815,804.60",True
2019-Feb-08 Friday,"['18', '23', '31', '32', '36', '38', '43']",27,"10,000,000",True
2019-Feb-01 Friday,"['2', '6', '13', '19', '21', '32', '40']",12,"26,600,135.80",False
2019-Jan-25 Friday,"['6', '12', '20', '24', '40', '42', '47']",44,"17,409,601.30",True
2019-Jan-18 Friday,"['3', '19', '22', '30', '32', '37', '40']",20,"10,000,000",True
2019-Jan-11 Friday,"['8', '15', '21', '28', '29', '30', '39']",23,"18,256,875.10",False
2019-Jan-04 Friday,"['7', '22', '25', '26', '35', '41', '45']",3,"10,000,000",True
2020-Dec-29 Tuesday,"['8', '12', '23', '25', '29', '43', '46']",13,"17,000,000",True
2020-Dec-25 Friday,"['8', '12', '16', '30', '38', '48', '50']",14,"12,000,000",True
2020-Dec-22 Tuesday,"['4', '29', '30', '37', '38', '43', '44']",15,"50,000,000",False
2020-Dec-18 Friday,"['2', '9', '10', '22', '31', '35', '49']",30,"40,750,253.70",True
2020-Dec-15 Tuesday,"['1', '4', '20', '33', '44', '45', '49']",47,"32,656,638.20",True
2020-Dec-11 Friday,"['9', '21', '30', '33', '38', '39', '46']",48,"27,000,000",True
2020-Dec-08 Tuesday,"['5', '13', '14', '21', '36', '37', '43']",40,"22,000,000",True
2020-Dec-04 Friday,"['5', '7', '14', '23', '24', '46', '47']",11,"17,000,000",True
2020-Dec-01 Tuesday,"['1', '4', '9', '15', '18', '24', '31']",43,"60,000,000",False
2020-Nov-27 Friday,"['9', '15', '35', '41', '42', '45', '46']",43,"55,000,000",True
2020-Nov-24 Tuesday,"['6', '8', '13', '27', '41', '46', '47']",39,"50,000,000",True
2020-Nov-20 Friday,"['11', '17', '29', '33', '39', '40', '42']",48,"43,914,461.60",True
2020-Nov-17 Tuesday,"['6', '18', '21', '30', '31', '34', '38']",1,"35,561,011.80",True
2020-Nov-13 Friday,"['3', '4', '7', '19', '44', '48', '49']",8,"29,357,946.50",True
2020-Nov-10 Tuesday,"['4', '6', '18', '27', '28', '30', '40']",13,"24,000,000",True
2020-Nov-06 Friday,"['7', '9', '19', '20', '26', '32', '35']",49,"19,000,000",True
2020-Nov-03 Tuesday,"['5', '7', '14', '21', '26', '34', '49']",31,"14,000,000",True
2020-Oct-30 Friday,"['19', '20', '23', '31', '37', '46', '48']",50,"55,000,000",False
2020-Oct-27 Tuesday,"['2', '9', '11', '29', '33', '39', '44']",15,"50,000,000",True
2020-Oct-23 Friday,"['2', '8', '20', '21', '29', '34', '37']",41,"42,293,529.30",True
2020-Oct-20 Tuesday,"['8', '27', '30', '44', '46', '47', '50']",32,"34,000,000",True
2020-Oct-16 Friday,"['1', '4', '8', '10', '12', '17', '41']",19,"29,000,000",True
2020-Oct-13 Tuesday,"['3', '10', '13', '19', '21', '45', '49']",12,"24,000,000",True
2020-Oct-09 Friday,"['4', '6', '12', '30', '32', '33', '34']",29,"70,000,000",False
2020-Oct-06 Tuesday,"['4', '5', '9', '19', '28', '34', '44']",8,"65,000,000",True
2020-Oct-02 Friday,"['7', '12', '16', '26', '40', '45', '49']",20,"60,000,000",True
2020-Sep-29 Tuesday,"['4', '6', '9', '15', '22', '24', '28']",44,"55,000,000",True
2020-Sep-25 Friday,"['1', '7', '9', '28', '38', '48', '50']",13,"50,000,000",True
2020-Sep-22 Tuesday,"['8', '9', '37', '38', '40', '43', '49']",28,"40,000,000",True
2020-Sep-18 Friday,"['2', '11', '22', '25', '32', '40', '44']",27,"29,520,789.80",True
2020-Sep-15 Tuesday,"['1', '5', '6', '24', '27', '28', '32']",38,"24,000,000",True
2020-Sep-11 Friday,"['4', '15', '16', '17', '35', '46', '50']",13,"19,000,000",True
2020-Sep-08 Tuesday,"['6', '12', '19', '27', '30', '32', '44']",18,"65,000,000",False
2020-Sep-04 Friday,"['7', '18', '22', '26', '35', '41', '50']",11,"60,000,000",True
2020-Sep-01 Tuesday,"['2', '9', '29', '30', '31', '35', '37']",19,"55,000,000",True
2020-Aug-28 Friday,"['5', '8', '9', '28', '32', '48', '50']",40,"50,000,000",True
2020-Aug-25 Tuesday,"['1', '21', '34', '38', '39', '40', '46']",24,"40,000,000",True
2020-Aug-21 Friday,"['1', '2', '5', '11', '20', '30', '39']",27,"31,403,089.80",True
2020-Aug-18 Tuesday,"['1', '2', '16', '32', '44', '46', '50']",6,"25,000,000",True
2020-Aug-14 Friday,"['3', '22', '37', '39', '41', '43', '44']",20,"20,000,000",True
2020-Aug-11 Tuesday,"['9', '17', '22', '33', '36', '45', '46']",41,"15,000,000",True
2020-Aug-07 Friday,"['9', '21', '26', '28', '30', '37', '44']",31,"10,000,000",True
2020-Aug-04 Tuesday,"['18', '24', '25', '30', '31', '33', '48']",27,"26,000,000",False
2020-Jul-31 Friday,"['8', '16', '19', '22', '28', '31', '38']",25,"70,000,000",False
2020-Jul-28 Tuesday,"['7', '10', '11', '24', '39', '43', '48']",23,"65,000,000",True
2020-Jul-24 Friday,"['17', '20', '27', '29', '37', '39', '41']",10,"60,000,000",True
2020-Jul-21 Tuesday,"['7', '22', '26', '35', '46', '47', '49']",19,"55,000,000",True
2020-Jul-17 Friday,"['5', '11', '15', '18', '20', '24', '46']",37,"50,000,000",True
2020-Jul-14 Tuesday,"['3', '9', '21', '35', '44', '47', '48']",23,"40,202,155.40",True
2020-Jul-10 Friday,"['17', '18', '27', '38', '39', '40', '47']",24,"35,000,000",True
2020-Jul-07 Tuesday,"['9', '20', '21', '22', '25', '26', '37']",3,"30,000,000",True
2020-Jul-03 Friday,"['3', '4', '21', '33', '38', '44', '45']",32,"25,000,000",True
2020-Jun-30 Tuesday,"['11', '12', '22', '33', '37', '48', '49']",41,"20,000,000",True
2020-Jun-26 Friday,"['8', '14', '31', '36', '39', '46', '47']",20,"15,000,000",True
2020-Jun-23 Tuesday,"['2', '3', '6', '13', '37', '42', '46']",19,"10,000,000",True
2020-Jun-19 Friday,"['3', '12', '17', '22', '29', '31', '48']",8,"10,000,000",False
2020-Jun-16 Tuesday,"['1', '3', '22', '30', '31', '37', '40']",6,"15,000,000",False
2020-Jun-12 Friday,"['1', '16', '24', '28', '30', '31', '47']",25,"10,000,000",True
2020-Jun-09 Tuesday,"['4', '16', '19', '32', '35', '36', '38']",28,"25,000,000",False
2020-Jun-05 Friday,"['1', '8', '15', '16', '32', '39', '40']",31,"20,000,000",True
2020-Jun-02 Tuesday,"['8', '14', '16', '17', '29', '41', '42']",47,"15,000,000",True
2020-May-29 Friday,"['5', '12', '15', '23', '26', '38', '41']",45,"10,000,000",True
2020-May-26 Tuesday,"['5', '27', '34', '37', '39', '41', '47']",20,"15,000,000",False
2020-May-22 Friday,"['9', '11', '14', '21', '22', '24', '41']",10,"10,000,000",True
2020-May-19 Tuesday,"['22', '23', '24', '25', '37', '40', '49']",19,"15,000,000",False
2020-May-15 Friday,"['7', '30', '32', '40', '47', '48', '50']",16,"10,000,000",True
2020-May-12 Tuesday,"['11', '19', '22', '26', '33', '46', '48']",1,"15,000,000",False
2020-May-08 Friday,"['3', '4', '10', '11', '26', '28', '40']",31,"10,000,000",True
2020-May-05 Tuesday,"['25', '28', '32', '41', '42', '44', '45']",18,"13,000,000",False
2020-May-01 Friday,"['3', '12', '25', '36', '37', '42', '49']",9,"55,000,000",False
2020-Apr-28 Tuesday,"['9', '18', '23', '36', '39', '43', '48']",46,"50,000,000",True
2020-Apr-24 Friday,"['8', '9', '19', '26', '27', '31', '46']",48,"49,000,000",True
2020-Apr-21 Tuesday,"['9', '10', '13', '21', '40', '41', '43']",4,"44,000,000",True
2020-Apr-17 Friday,"['2', '15', '21', '29', '40', '47', '50']",35,"39,000,000",True
2020-Apr-14 Tuesday,"['3', '6', '9', '22', '29', '38', '39']",18,"70,000,000",False
2020-Apr-10 Friday,"['3', '9', '10', '14', '15', '19', '20']",25,"70,000,000",True
2020-Apr-07 Tuesday,"['5', '20', '21', '22', '32', '37', '41']",18,"70,000,000",True
2020-Apr-03 Friday,"['5', '9', '10', '25', '27', '29', '38']",31,"70,000,000",True
2020-Mar-31 Tuesday,"['5', '7', '22', '29', '32', '37', '39']",3,"70,000,000",True
2020-Mar-27 Friday,"['3', '4', '13', '14', '30', '36', '41']",21,"70,000,000",True
2020-Mar-24 Tuesday,"['2', '11', '16', '18', '19', '20', '25']",5,"65,000,000",True
2020-Mar-20 Friday,"['9', '16', '17', '18', '21', '22', '27']",31,"60,000,000",True
2020-Mar-17 Tuesday,"['4', '5', '8', '15', '27', '41', '48']",37,"55,000,000",True
2020-Mar-13 Friday,"['7', '14', '15', '35', '36', '49', '50']",11,"50,000,000",True
2020-Mar-10 Tuesday,"['5', '6', '27', '37', '38', '46', '48']",9,"40,000,000",True
2020-Mar-06 Friday,"['2', '9', '10', '35', '41', '42', '47']",40,"30,553,711.80",True
2020-Mar-03 Tuesday,"['10', '14', '15', '25', '27', '39', '48']",28,"24,000,000",True
2020-Feb-28 Friday,"['21', '27', '30', '32', '33', '36', '46']",38,"19,000,000",True
2020-Feb-25 Tuesday,"['15', '32', '36', '40', '41', '43', '48']",10,"70,000,000",False
2020-Feb-21 Friday,"['4', '7', '14', '37', '48', '49', '50']",28,"65,000,000",True
2020-Feb-18 Tuesday,"['3', '6', '19', '23', '33', '40', '45']",48,"60,000,000",True
2020-Feb-14 Friday,"['14', '17', '20', '34', '38', '45', '49']",5,"55,000,000",True
2020-Feb-11 Tuesday,"['14', '15', '19', '22', '31', '36', '39']",23,"50,000,000",True
2020-Feb-07 Friday,"['21', '24', '26', '31', '36', '48', '49']",39,"40,000,000",True
2020-Feb-04 Tuesday,"['3', '12', '18', '25', '43', '46', '50']",33,"32,000,000",True
2020-Jan-31 Friday,"['2', '27', '30', '39', '44', '45', '49']",17,"27,000,000",True
2020-Jan-28 Tuesday,"['4', '10', '12', '27', '30', '44', '46']",7,"22,000,000",True
2020-Jan-24 Friday,"['2', '11', '14', '21', '23', '34', '36']",5,"17,000,000",True
2020-Jan-21 Tuesday,"['7', '11', '16', '21', '31', '36', '44']",46,"12,000,000",True
2020-Jan-17 Friday,"['5', '6', '36', '39', '40', '46', '48']",34,"50,000,000",False
2020-Jan-14 Tuesday,"['5', '16', '19', '23', '30', '37', '48']",44,"40,000,000",True
2020-Jan-10 Friday,"['10', '13', '14', '24', '28', '47', '48']",12,"33,000,000",True
2020-Jan-07 Tuesday,"['3', '8', '12', '14', '17', '18', '29']",11,"70,000,000",False
2020-Jan-03 Friday,"['8', '18', '20', '24', '31', '37', '39']",34,"70,000,000",True
2021-Sep-03 Friday,"['1', '2', '4', '10', '27', '33', '45']",31,"20,000,000",True
2021-Aug-31 Tuesday,"['3', '11', '23', '26', '31', '42', '50']",24,"15,000,000",True
2021-Aug-27 Friday,"['9', '10', '13', '25', '41', '47', '49']",36,"10,000,000",True
2021-Aug-24 Tuesday,"['1', '24', '26', '29', '30', '45', '50']",5,"20,000,000",False
2021-Aug-20 Friday,"['2', '6', '21', '31', '34', '39', '45']",33,"15,000,000",True
2021-Aug-17 Tuesday,"['5', '16', '18', '33', '37', '38', '39']",35,"10,000,000",True
2021-Aug-13 Friday,"['1', '14', '17', '20', '28', '32', '38']",6,"15,000,000",False
2021-Aug-10 Tuesday,"['14', '18', '19', '32', '35', '38', '41']",27,"10,000,000",True
2021-Aug-06 Friday,"['14', '15', '24', '43', '44', '48', '49']",47,"34,162,116.30",False
2021-Aug-03 Tuesday,"['4', '5', '9', '15', '24', '36', '48']",50,"26,195,795.20",True
2021-Jul-30 Friday,"['4', '12', '18', '19', '22', '25', '44']",43,"20,000,000",True
2021-Jul-27 Tuesday,"['5', '12', '13', '32', '36', '40', '48']",49,"15,000,000",True
2021-Jul-23 Friday,"['7', '8', '13', '21', '35', '38', '45']",15,"10,000,000",True
2021-Jul-20 Tuesday,"['2', '13', '15', '19', '38', '39', '46']",34,"44,023,273.40",False
2021-Jul-16 Friday,"['13', '17', '24', '26', '33', '46', '48']",27,"36,173,940.20",True
2021-Jul-13 Tuesday,"['2', '6', '12', '13', '17', '36', '48']",25,"27,682,886",True
2021-Jul-09 Friday,"['11', '21', '32', '33', '38', '40', '44']",19,"21,000,000",True
2021-Jul-06 Tuesday,"['10', '14', '25', '26', '38', '41', '50']",49,"65,000,000",False
2021-Jul-02 Friday,"['6', '14', '35', '37', '40', '43', '46']",19,"60,000,000",True
2021-Jun-29 Tuesday,"['6', '17', '22', '23', '32', '37', '47']",13,"55,000,000",True
2021-Jun-25 Friday,"['10', '13', '18', '33', '36', '45', '47']",22,"50,000,000",True
2021-Jun-22 Tuesday,"['7', '11', '22', '28', '33', '44', '49']",10,"70,000,000",False
2021-Jun-18 Friday,"['11', '14', '15', '24', '34', '43', '47']",36,"70,000,000",True
2021-Jun-15 Tuesday,"['2', '8', '12', '13', '14', '36', '43']",29,"70,000,000",True
2021-Jun-11 Friday,"['20', '21', '25', '33', '38', '44', '45']",22,"70,000,000",True
2021-Jun-08 Tuesday,"['1', '9', '14', '24', '26', '37', '42']",29,"70,000,000",True
2021-Jun-04 Friday,"['2', '3', '16', '28', '31', '42', '47']",12,"70,000,000",True
2021-Jun-01 Tuesday,"['6', '20', '21', '28', '38', '43', '47']",40,"70,000,000",True
2021-May-28 Friday,"['7', '18', '22', '40', '44', '46', '50']",5,"65,000,000",True
2021-May-25 Tuesday,"['6', '9', '11', '19', '24', '38', '46']",18,"60,000,000",True
2021-May-21 Friday,"['5', '6', '25', '31', '32', '44', '48']",39,"55,000,000",True
2021-May-18 Tuesday,"['5', '9', '18', '27', '32', '38', '40']",34,"50,000,000",True
2021-May-14 Friday,"['3', '18', '19', '24', '26', '27', '45']",20,"40,000,000",True
2021-May-11 Tuesday,"['14', '15', '20', '32', '35', '38', '50']",46,"30,000,000",True
2021-May-07 Friday,"['1', '8', '17', '21', '35', '39', '46']",31,"25,000,000",True
2021-May-04 Tuesday,"['1', '23', '27', '33', '39', '45', '49']",40,"20,000,000",True
2021-Apr-30 Friday,"['2', '14', '27', '30', '31', '35', '43']",38,"15,000,000",True
2021-Apr-27 Tuesday,"['7', '11', '14', '26', '27', '29', '36']",2,"10,000,000",True
2021-Apr-23 Friday,"['1', '3', '4', '11', '19', '24', '42']",27,"10,000,000",False
2021-Apr-20 Tuesday,"['7', '10', '11', '19', '22', '30', '37']",18,"15,000,000",False
2021-Apr-16 Friday,"['1', '13', '19', '27', '42', '49', '50']",32,"10,000,000",True
2021-Apr-13 Tuesday,"['15', '16', '18', '19', '22', '44', '47']",28,"30,462,718.20",False
2021-Apr-09 Friday,"['1', '19', '28', '29', '31', '33', '43']",17,"25,000,000",True
2021-Apr-06 Tuesday,"['2', '14', '24', '25', '35', '44', '45']",11,"20,000,000",True
2021-Apr-02 Friday,"['30', '32', '33', '34', '37', '45', '49']",25,"15,000,000",True
2021-Mar-30 Tuesday,"['12', '22', '25', '30', '37', '38', '45']",2,"10,000,000",True
2021-Mar-26 Friday,"['2', '4', '16', '24', '25', '27', '49']",29,"15,000,000",False
2021-Mar-23 Tuesday,"['5', '6', '12', '28', '29', '36', '46']",40,"10,000,000",True
2021-Mar-19 Friday,"['2', '7', '8', '26', '30', '43', '48']",25,"13,000,000",False
2021-Mar-16 Tuesday,"['8', '15', '25', '27', '33', '39', '44']",20,"50,000,000",False
2021-Mar-12 Friday,"['5', '12', '15', '23', '28', '38', '39']",46,"44,811,026.30",True
2021-Mar-09 Tuesday,"['3', '7', '16', '22', '29', '31', '42']",15,"35,774,276.40",True
2021-Mar-05 Friday,"['6', '9', '23', '25', '31', '36', '48']",30,"29,000,000",True
2021-Mar-02 Tuesday,"['9', '29', '30', '36', '42', '46', '49']",47,"24,000,000",True
2021-Feb-26 Friday,"['11', '17', '19', '22', '27', '31', '40']",38,"70,000,000",False
2021-Feb-23 Tuesday,"['3', '13', '14', '20', '30', '45', '49']",35,"65,000,000",True
2021-Feb-19 Friday,"['1', '5', '10', '18', '20', '40', '42']",47,"60,000,000",True
2021-Feb-16 Tuesday,"['1', '6', '12', '21', '34', '37', '47']",20,"55,000,000",True
2021-Feb-12 Friday,"['2', '5', '10', '11', '14', '23', '33']",47,"50,000,000",True
2021-Feb-09 Tuesday,"['4', '12', '16', '17', '33', '36', '44']",2,"40,000,000",True
2021-Feb-05 Friday,"['1', '2', '23', '32', '35', '36', '45']",28,"30,882,292.30",True
2021-Feb-02 Tuesday,"['17', '24', '27', '34', '38', '42', '48']",19,"25,000,000",True
2021-Jan-29 Friday,"['9', '11', '20', '22', '33', '36', '46']",49,"20,000,000",True
2021-Jan-26 Tuesday,"['26', '37', '42', '44', '46', '49', '50']",24,"15,000,000",True
2021-Jan-22 Friday,"['11', '21', '23', '25', '28', '41', '43']",10,"60,000,000",False
2021-Jan-19 Tuesday,"['23', '31', '34', '38', '40', '45', '50']",41,"55,000,000",True
2021-Jan-15 Friday,"['5', '23', '31', '35', '36', '37', '43']",13,"50,000,000",True
2021-Jan-12 Tuesday,"['4', '12', '13', '15', '18', '30', '50']",34,"40,000,000",True
2021-Jan-08 Friday,"['4', '21', '24', '25', '26', '27', '42']",8,"32,000,000",True
2021-Jan-05 Tuesday,"['1', '16', '21', '24', '35', '37', '39']",45,"27,000,000",True
2021-Jan-01 Friday,"['18', '21', '28', '29', '31', '32', '49']",38,"22,000,000",True
